"Line","Station","Cruise","Year","Effort","Latitude","Longitude"
60,60,"CC1101",2011,14,37.6141,-123.60825
60,60,"CC0602",2006,8,37.6141,-123.60825
63,60,"CC0602",2006,11,37.04252,-123.19502
63,70,"CC0602",2006,9,36.70919,-123.91364
63,80,"CC1101",2011,18,36.37586,-124.62912
67,50,"CC1004",2010,40,36.78696,-122.05633
67,50,"CC1001",2010,5,36.78696,-122.05633
67,65,"CC0602",2006,7,36.28696,-123.12948
67,70,"CC1004",2010,21,36.12029,-123.48565
67,70,"CC0602",2006,4,36.12029,-123.48565
67,70,"CC1101",2011,14,36.12029,-123.48565
67,75,"CC1101",2011,12,35.95363,-123.84106
67,75,"CC1004",2010,35,35.95363,-123.84106
67,75,"CC0602",2006,4,35.95363,-123.84106
67,75,"CC1001",2010,3,35.95363,-123.84106
67,80,"CC1001",2010,2,35.78696,-124.19571
70,55,"CC1101",2011,20,36.04872,-122.01048
70,60,"CC0611",2006,13,35.88205,-122.36556
70,70,"CC1001",2010,3,35.54872,-123.07348
70,80,"CC1101",2011,17,35.21538,-123.77843
70,80,"CC1001",2010,3,35.21538,-123.77843
70,90,"CC1101",2011,6,34.88205,-124.48047
73,50,"CC0602",2006,6,35.64381,-121.25575
73,55,"CC1004",2010,16,35.47714,-121.60901
73,60,"CC1004",2010,20,35.31047,-121.96154
73,60,"CC1001",2010,4,35.31047,-121.96154
73,60,"CC1101",2011,19,35.31047,-121.96154
73,70,"CC1004",2010,25,34.97714,-122.6644
73,70,"CC1101",2011,11,34.97714,-122.6644
73,80,"CC0602",2006,7,34.64381,-123.36439
73,80,"CC1004",2010,16,34.64381,-123.36439
73,90,"CC1008",2010,22,34.31047,-124.06154
73,90,"CC1004",2010,38,34.31047,-124.06154
77,100,"CC1011",2010,7,33.38824,-124.32289
77,100,"CC0810",2008,7,33.38824,-124.32289
77,100,"CC1108",2011,15,33.38824,-124.32289
77,100,"CC0511",2005,3,33.38824,-124.32289
77,100,"CC0501",2005,17,33.38824,-124.32289
77,100,"CC0903",2009,15,33.38824,-124.32289
77,100,"CC1210",2012,4,33.38824,-124.32289
77,100,"CC0604",2006,12,33.38824,-124.32289
77,100,"CC0901",2009,16,33.38824,-124.32289
77,100,"CC0404",2004,8,33.38824,-124.32289
77,100,"CC0611",2006,12,33.38824,-124.32289
77,100,"CC1207",2012,2,33.38824,-124.32289
77,100,"CC0507",2005,12,33.38824,-124.32289
77,100,"CC1001",2010,3,33.38824,-124.32289
77,100,"CC0411",2004,19,33.38824,-124.32289
77,49,"CC0707",2007,12,35.08824,-120.7774
77,49,"CC1101",2011,9,35.08824,-120.7774
77,49,"CC1203",2012,5,35.08824,-120.7774
77,49,"CC1108",2011,11,35.08824,-120.7774
77,49,"CC0808",2008,14,35.08824,-120.7774
77,49,"CC0411",2004,14,35.08824,-120.7774
77,49,"CC0504",2005,13,35.08824,-120.7774
77,49,"CC0404",2004,15,35.08824,-120.7774
77,51,"CC0411",2004,15,35.02158,-120.91782
77,51,"CC1001",2010,4,35.02158,-120.91782
77,51,"CC1207",2012,4,35.02158,-120.91782
77,51,"CC1203",2012,6,35.02158,-120.91782
77,51,"CC0607",2006,3,35.02158,-120.91782
77,51,"CC0808",2008,15,35.02158,-120.91782
77,51,"CC1202",2012,14,35.02158,-120.91782
77,55,"CC0901",2009,15,34.88824,-121.19831
77,55,"CC0907",2009,11,34.88824,-121.19831
77,55,"CC1101",2011,15,34.88824,-121.19831
77,55,"CC0501",2005,14,34.88824,-121.19831
77,55,"CC1207",2012,4,34.88824,-121.19831
77,55,"CC0604",2006,16,34.88824,-121.19831
77,55,"CC0808",2008,19,34.88824,-121.19831
77,55,"CC0507",2005,8,34.88824,-121.19831
77,55,"CC0411",2004,24,34.88824,-121.19831
77,55,"CC0607",2006,12,34.88824,-121.19831
77,55,"CC1202",2012,17,34.88824,-121.19831
77,60,"CC0903",2009,14,34.72158,-121.54828
77,60,"CC0810",2008,8,34.72158,-121.54828
77,60,"CC0607",2006,14,34.72158,-121.54828
77,60,"CC0901",2009,13,34.72158,-121.54828
77,60,"CC1108",2011,6,34.72158,-121.54828
77,60,"CC0604",2006,14,34.72158,-121.54828
77,60,"CC0501",2005,17,34.72158,-121.54828
77,60,"CC0711",2007,16,34.72158,-121.54828
77,60,"CC0511",2005,3,34.72158,-121.54828
77,60,"CC1207",2012,8,34.72158,-121.54828
77,60,"CC0411",2004,24,34.72158,-121.54828
77,60,"CC0507",2005,17,34.72158,-121.54828
77,70,"CC0907",2009,14,34.38824,-122.24608
77,70,"CC1210",2012,3,34.38824,-122.24608
77,70,"CC0611",2006,26,34.38824,-122.24608
77,70,"CC1108",2011,16,34.38824,-122.24608
77,70,"CC0411",2004,20,34.38824,-122.24608
77,70,"CC0810",2008,8,34.38824,-122.24608
77,70,"CC0511",2005,9,34.38824,-122.24608
77,70,"CC0602",2006,12,34.38824,-122.24608
77,70,"CC1104",2011,11,34.38824,-122.24608
77,70,"CC0707",2007,4,34.38824,-122.24608
77,70,"CC0504",2005,17,34.38824,-122.24608
77,70,"CC1001",2010,6,34.38824,-122.24608
77,70,"CC0404",2004,15,34.38824,-122.24608
77,70,"CC0507",2005,14,34.38824,-122.24608
77,80,"CC1001",2010,6,34.05491,-122.94109
77,80,"CC1203",2012,8,34.05491,-122.94109
77,80,"CC0607",2006,14,34.05491,-122.94109
77,80,"CC0707",2007,11,34.05491,-122.94109
77,80,"CC1101",2011,15,34.05491,-122.94109
77,80,"CC0801",2008,12,34.05491,-122.94109
77,80,"CC0808",2008,36,34.05491,-122.94109
77,80,"CC1104",2011,10,34.05491,-122.94109
77,80,"CC0411",2004,23,34.05491,-122.94109
77,80,"CC0504",2005,16,34.05491,-122.94109
77,80,"CC0602",2006,6,34.05491,-122.94109
77,80,"CC0404",2004,6,34.05491,-122.94109
77,80,"CC1011",2010,3,34.05491,-122.94109
77,90,"CC1202",2012,22,33.72158,-123.63335
77,90,"CC1203",2012,8,33.72158,-123.63335
77,90,"CC0901",2009,20,33.72158,-123.63335
77,90,"CC0411",2004,26,33.72158,-123.63335
77,90,"CC0801",2008,7,33.72158,-123.63335
77,90,"CC0903",2009,3,33.72158,-123.63335
77,90,"CC0711",2007,7,33.72158,-123.63335
77,90,"CC0604",2006,13,33.72158,-123.63335
77,90,"CC0507",2005,12,33.72158,-123.63335
77,90,"CC0607",2006,16,33.72158,-123.63335
77,90,"CC1101",2011,9,33.72158,-123.63335
80,100,"CC0504",2005,8,32.81667,-123.90599
80,100,"CC1001",2010,5,32.81667,-123.90599
80,100,"CC0810",2008,17,32.81667,-123.90599
80,100,"CC0411",2004,18,32.81667,-123.90599
80,100,"CC0602",2006,18,32.81667,-123.90599
80,100,"CC0707",2007,14,32.81667,-123.90599
80,100,"CC1011",2010,5,32.81667,-123.90599
80,100,"CC0511",2005,15,32.81667,-123.90599
80,100,"CC0907",2009,11,32.81667,-123.90599
80,100,"CC1110",2011,10,32.81667,-123.90599
80,100,"CC0404",2004,10,32.81667,-123.90599
80,100,"CC1104",2011,12,32.81667,-123.90599
80,100,"CC1108",2011,17,32.81667,-123.90599
80,100,"CC0611",2006,24,32.81667,-123.90599
80,100,"CC1210",2012,3,32.81667,-123.90599
80,100,"CC0507",2005,16,32.81667,-123.90599
80,50.5,"CC1108",2011,13,34.46667,-120.48906
80,51,"CC1203",2012,8,34.45,-120.5239
80,51,"CC0411",2004,14,34.45,-120.5239
80,51,"CC0911",2009,12,34.45,-120.5239
80,51,"CC0808",2008,8,34.45,-120.5239
80,51,"CC0901",2009,23,34.45,-120.5239
80,51,"CC0607",2006,6,34.45,-120.5239
80,51,"CC1008",2010,34,34.45,-120.5239
80,51,"CC0704",2007,14,34.45,-120.5239
80,51,"CC0604",2006,12,34.45,-120.5239
80,55,"CC0711",2007,12,34.31667,-120.80245
80,55,"CC0801",2008,15,34.31667,-120.80245
80,55,"CC0504",2005,20,34.31667,-120.80245
80,55,"CC1101",2011,14,34.31667,-120.80245
80,55,"CC1203",2012,7,34.31667,-120.80245
80,55,"CC0407",2004,12,34.31667,-120.80245
80,55,"CC0907",2009,8,34.31667,-120.80245
80,55,"CC1008",2010,31,34.31667,-120.80245
80,55,"CC0607",2006,11,34.31667,-120.80245
80,55,"CC0707",2007,16,34.31667,-120.80245
80,55,"CC1202",2012,18,34.31667,-120.80245
80,55,"CC1207",2012,5,34.31667,-120.80245
80,60,"CC0810",2008,7,34.15,-121.15
80,60,"CC0711",2007,14,34.15,-121.15
80,60,"CC1210",2012,4,34.15,-121.15
80,60,"CC0801",2008,7,34.15,-121.15
80,60,"CC0411",2004,20,34.15,-121.15
80,60,"CC0511",2005,14,34.15,-121.15
80,60,"CC0602",2006,10,34.15,-121.15
80,60,"CC0907",2009,4,34.15,-121.15
80,60,"CC1203",2012,8,34.15,-121.15
80,60,"CC0611",2006,16,34.15,-121.15
80,60,"CC0707",2007,12,34.15,-121.15
80,70,"CC1011",2010,7,33.81667,-121.84304
80,70,"CC0604",2006,25,33.81667,-121.84304
80,70,"CC0411",2004,18,33.81667,-121.84304
80,70,"CC1210",2012,4,33.81667,-121.84304
80,70,"CC1110",2011,16,33.81667,-121.84304
80,70,"CC0511",2005,10,33.81667,-121.84304
80,70,"CC0602",2006,11,33.81667,-121.84304
80,70,"CC0611",2006,14,33.81667,-121.84304
80,70,"CC0907",2009,7,33.81667,-121.84304
80,70,"CC1108",2011,26,33.81667,-121.84304
80,70,"CC0507",2005,17,33.81667,-121.84304
80,70,"CC0810",2008,8,33.81667,-121.84304
80,70,"CC0501",2005,15,33.81667,-121.84304
80,70,"CC0903",2009,16,33.81667,-121.84304
80,70,"CC1001",2010,6,33.81667,-121.84304
80,70,"CC0404",2004,6,33.81667,-121.84304
80,70,"CC0901",2009,13,33.81667,-121.84304
80,70,"CC0504",2005,19,33.81667,-121.84304
80,80,"CC1011",2010,6,33.48333,-122.53335
80,80,"CC0404",2004,9,33.48333,-122.53335
80,80,"CC0507",2005,16,33.48333,-122.53335
80,80,"CC0501",2005,15,33.48333,-122.53335
80,80,"CC1203",2012,7,33.48333,-122.53335
80,80,"CC0911",2009,17,33.48333,-122.53335
80,80,"CC0903",2009,16,33.48333,-122.53335
80,80,"CC0704",2007,20,33.48333,-122.53335
80,80,"CC0607",2006,8,33.48333,-122.53335
80,80,"CC1008",2010,16,33.48333,-122.53335
80,80,"CC1202",2012,18,33.48333,-122.53335
80,80,"CC0611",2006,4,33.48333,-122.53335
80,80,"CC1207",2012,9,33.48333,-122.53335
80,80,"CC0604",2006,18,33.48333,-122.53335
80,80,"CC0808",2008,15,33.48333,-122.53335
80,90,"CC1202",2012,12,33.15,-123.22099
80,90,"CC0907",2009,4,33.15,-123.22099
80,90,"CC0801",2008,16,33.15,-123.22099
80,90,"CC1203",2012,8,33.15,-123.22099
80,90,"CC1008",2010,24,33.15,-123.22099
80,90,"CC0607",2006,7,33.15,-123.22099
80,90,"CC0707",2007,13,33.15,-123.22099
80,90,"CC0808",2008,16,33.15,-123.22099
80,90,"CC1104",2011,10,33.15,-123.22099
80,90,"CC1207",2012,6,33.15,-123.22099
80,90,"CC0711",2007,13,33.15,-123.22099
80,90,"CC0504",2005,20,33.15,-123.22099
80,90,"CC0411",2004,23,33.15,-123.22099
80,90,"CC1101",2011,34,33.15,-123.22099
83,100,"CC0810",2008,8,32.24509,-123.49232
83,100,"CC0604",2006,18,32.24509,-123.49232
83,100,"CC0903",2009,18,32.24509,-123.49232
83,100,"CC0501",2005,15,32.24509,-123.49232
83,100,"CC0507",2005,17,32.24509,-123.49232
83,100,"CC1104",2011,13,32.24509,-123.49232
83,100,"CC0911",2009,16,32.24509,-123.49232
83,100,"CC1108",2011,14,32.24509,-123.49232
83,100,"CC0611",2006,17,32.24509,-123.49232
83,100,"CC0711",2007,15,32.24509,-123.49232
83,100,"CC1210",2012,3,32.24509,-123.49232
83,100,"CC1202",2012,24,32.24509,-123.49232
83,100,"CC1001",2010,3,32.24509,-123.49232
83,100,"CC0602",2006,10,32.24509,-123.49232
83,100,"CC1110",2011,14,32.24509,-123.49232
83,110,"CC0504",2005,17,31.91176,-124.1704
83,110,"CC0501",2005,12,31.91176,-124.1704
83,110,"CC0810",2008,8,31.91176,-124.1704
83,110,"CC0803",2008,14,31.91176,-124.1704
83,110,"CC0507",2005,18,31.91176,-124.1704
83,110,"CC0801",2008,11,31.91176,-124.1704
83,110,"CC1110",2011,26,31.91176,-124.1704
83,110,"CC0711",2007,15,31.91176,-124.1704
83,110,"CC1207",2012,7,31.91176,-124.1704
83,110,"CC0407",2004,15,31.91176,-124.1704
83,110,"CC1104",2011,13,31.91176,-124.1704
83,110,"CC0707",2007,14,31.91176,-124.1704
83,42,"CC1207",2012,5,34.17842,-119.50851
83,42,"CC0407",2004,14,34.17842,-119.50851
83,42,"CC0810",2008,8,34.17842,-119.50851
83,42,"CC1210",2012,3,34.17842,-119.50851
83,42,"CC0611",2006,16,34.17842,-119.50851
83,42,"CC0501",2005,10,34.17842,-119.50851
83,42,"CC1110",2011,14,34.17842,-119.50851
83,42,"CC0504",2005,18,34.17842,-119.50851
83,42,"CC0711",2007,9,34.17842,-119.50851
83,42,"CC0511",2005,14,34.17842,-119.50851
83,42,"CC0507",2005,14,34.17842,-119.50851
83,51,"CC0707",2007,12,33.87842,-120.13258
83,51,"CC0801",2008,10,33.87842,-120.13258
83,51,"CC0803",2008,14,33.87842,-120.13258
83,51,"CC1207",2012,6,33.87842,-120.13258
83,51,"CC1008",2010,38,33.87842,-120.13258
83,51,"CC0907",2009,8,33.87842,-120.13258
83,51,"CC1202",2012,9,33.87842,-120.13258
83,51,"CC0808",2008,19,33.87842,-120.13258
83,51,"CC0911",2009,19,33.87842,-120.13258
83,51,"CC0607",2006,9,33.87842,-120.13258
83,55,"CC0901",2009,17,33.74509,-120.40923
83,55,"CC0707",2007,15,33.74509,-120.40923
83,55,"CC1008",2010,30,33.74509,-120.40923
83,55,"CC0911",2009,4,33.74509,-120.40923
83,55,"CC1001",2010,3,33.74509,-120.40923
83,55,"CC1202",2012,6,33.74509,-120.40923
83,55,"CC0411",2004,22,33.74509,-120.40923
83,55,"CC1101",2011,19,33.74509,-120.40923
83,55,"CC0801",2008,16,33.74509,-120.40923
83,55,"CC0611",2006,16,33.74509,-120.40923
83,55,"CC0803",2008,12,33.74509,-120.40923
83,55,"CC0604",2006,14,33.74509,-120.40923
83,55,"CC0607",2006,5,33.74509,-120.40923
83,60,"CC1001",2010,4,33.57842,-120.75443
83,60,"CC1210",2012,3,33.57842,-120.75443
83,60,"CC0903",2009,15,33.57842,-120.75443
83,60,"CC0411",2004,24,33.57842,-120.75443
83,60,"CC1108",2011,17,33.57842,-120.75443
83,60,"CC0507",2005,15,33.57842,-120.75443
83,60,"CC1110",2011,18,33.57842,-120.75443
83,60,"CC0511",2005,12,33.57842,-120.75443
83,60,"CC0611",2006,17,33.57842,-120.75443
83,60,"CC0604",2006,17,33.57842,-120.75443
83,60,"CC0404",2004,12,33.57842,-120.75443
83,60,"CC0501",2005,18,33.57842,-120.75443
83,60,"CC1008",2010,28,33.57842,-120.75443
83,60,"CC0808",2008,19,33.57842,-120.75443
83,60,"CC1104",2011,14,33.57842,-120.75443
83,60,"CC0911",2009,17,33.57842,-120.75443
83,60,"CC0602",2006,15,33.57842,-120.75443
83,70,"CC0511",2005,15,33.24509,-121.44283
83,70,"CC0810",2008,8,33.24509,-121.44283
83,70,"CC1203",2012,8,33.24509,-121.44283
83,70,"CC1110",2011,16,33.24509,-121.44283
83,70,"CC1104",2011,11,33.24509,-121.44283
83,70,"CC0907",2009,12,33.24509,-121.44283
83,70,"CC0704",2007,15,33.24509,-121.44283
83,70,"CC0501",2005,13,33.24509,-121.44283
83,70,"CC0407",2004,16,33.24509,-121.44283
83,70,"CC0903",2009,22,33.24509,-121.44283
83,70,"CC0602",2006,5,33.24509,-121.44283
83,70,"CC0711",2007,14,33.24509,-121.44283
83,70,"CC0504",2005,22,33.24509,-121.44283
83,70,"CC0507",2005,15,33.24509,-121.44283
83,70,"CC0404",2004,13,33.24509,-121.44283
83,70,"CC0801",2008,11,33.24509,-121.44283
83,80,"CC0808",2008,14,32.91176,-122.12858
83,80,"CC0704",2007,12,32.91176,-122.12858
83,80,"CC1207",2012,17,32.91176,-122.12858
83,80,"CC0411",2004,19,32.91176,-122.12858
83,80,"CC1210",2012,4,32.91176,-122.12858
83,80,"CC0901",2009,17,32.91176,-122.12858
83,80,"CC0907",2009,13,32.91176,-122.12858
83,80,"CC1008",2010,23,32.91176,-122.12858
83,80,"CC0407",2004,14,32.91176,-122.12858
83,80,"CC0607",2006,12,32.91176,-122.12858
83,80,"CC0801",2008,12,32.91176,-122.12858
83,80,"CC1101",2011,16,32.91176,-122.12858
83,90,"CC0911",2009,15,32.57842,-122.81173
83,90,"CC1001",2010,7,32.57842,-122.81173
83,90,"CC0604",2006,14,32.57842,-122.81173
83,90,"CC0411",2004,22,32.57842,-122.81173
83,90,"CC0611",2006,15,32.57842,-122.81173
83,90,"CC1202",2012,18,32.57842,-122.81173
83,90,"CC0901",2009,14,32.57842,-122.81173
83,90,"CC0404",2004,14,32.57842,-122.81173
83,90,"CC1104",2011,7,32.57842,-122.81173
83,90,"CC1011",2010,5,32.57842,-122.81173
83,90,"CC0903",2009,14,32.57842,-122.81173
83,90,"CC0607",2006,14,32.57842,-122.81173
83,90,"CC0808",2008,16,32.57842,-122.81173
83,90,"CC1108",2011,6,32.57842,-122.81173
83,90,"CC1008",2010,27,32.57842,-122.81173
90,100,"CC0604",2006,13,31.08462,-122.66202
90,100,"CC0501",2005,18,31.08462,-122.66202
90,100,"CC1011",2010,4,31.08462,-122.66202
90,100,"CC0407",2004,19,31.08462,-122.66202
90,100,"CC0607",2006,17,31.08462,-122.66202
90,100,"CC0808",2008,17,31.08462,-122.66202
90,100,"CC0901",2009,20,31.08462,-122.66202
90,100,"CC0504",2005,26,31.08462,-122.66202
90,100,"CC0907",2009,14,31.08462,-122.66202
90,100,"CC1110",2011,13,31.08462,-122.66202
90,100,"CC0911",2009,34,31.08462,-122.66202
90,100,"CC0511",2005,16,31.08462,-122.66202
90,100,"CC1104",2011,4,31.08462,-122.66202
90,100,"CC1008",2010,28,31.08462,-122.66202
90,100,"CC0707",2007,17,31.08462,-122.66202
90,100,"CC1202",2012,11,31.08462,-122.66202
90,100,"CC1210",2012,3,31.08462,-122.66202
90,110,"CC1207",2012,6,30.75128,-123.33164
90,110,"CC0801",2008,20,30.75128,-123.33164
90,110,"CC0903",2009,3,30.75128,-123.33164
90,110,"CC1110",2011,13,30.75128,-123.33164
90,110,"CC1008",2010,26,30.75128,-123.33164
90,110,"CC0604",2006,19,30.75128,-123.33164
90,110,"CC1210",2012,4,30.75128,-123.33164
90,110,"CC0907",2009,13,30.75128,-123.33164
90,110,"CC0901",2009,4,30.75128,-123.33164
90,110,"CC0411",2004,21,30.75128,-123.33164
90,110,"CC1202",2012,23,30.75128,-123.33164
90,110,"CC0602",2006,9,30.75128,-123.33164
90,110,"CC1001",2010,7,30.75128,-123.33164
90,110,"CC0808",2008,19,30.75128,-123.33164
90,120,"CC0810",2008,20,30.41795,-123.99893
90,120,"CC0507",2005,9,30.41795,-123.99893
90,120,"CC0411",2004,31,30.41795,-123.99893
90,120,"CC1001",2010,7,30.41795,-123.99893
90,120,"CC1108",2011,12,30.41795,-123.99893
90,120,"CC1207",2012,6,30.41795,-123.99893
90,120,"CC0701",2007,18,30.41795,-123.99893
90,120,"CC0707",2007,12,30.41795,-123.99893
90,120,"CC0602",2006,14,30.41795,-123.99893
90,120,"CC0803",2008,16,30.41795,-123.99893
90,120,"CC0504",2005,21,30.41795,-123.99893
90,120,"CC0711",2007,18,30.41795,-123.99893
90,28,"CC0411",2004,18,33.48462,-117.76808
90,28,"CC0607",2006,17,33.48462,-117.76808
90,28,"CC0407",2004,21,33.48462,-117.76808
90,28,"CC0808",2008,18,33.48462,-117.76808
90,28,"CC0901",2009,20,33.48462,-117.76808
90,28,"CC0507",2005,23,33.48462,-117.76808
90,30,"CC0501",2005,15,33.41795,-117.90582
90,30,"CC0704",2007,9,33.41795,-117.90582
90,30,"CC0810",2008,18,33.41795,-117.90582
90,30,"CC0404",2004,18,33.41795,-117.90582
90,30,"CC0507",2005,15,33.41795,-117.90582
90,30,"CC0607",2006,14,33.41795,-117.90582
90,30,"CC1008",2010,28,33.41795,-117.90582
90,30,"CC1210",2012,6,33.41795,-117.90582
90,30,"CC0711",2007,19,33.41795,-117.90582
90,30,"CC1207",2012,42,33.41795,-117.90582
90,30,"CC0411",2004,15,33.41795,-117.90582
90,30,"CC1001",2010,7,33.41795,-117.90582
90,30,"CC0801",2008,8,33.41795,-117.90582
90,30,"CC0808",2008,13,33.41795,-117.90582
90,30,"CC0504",2005,18,33.41795,-117.90582
90,30,"CC0907",2009,5,33.41795,-117.90582
90,30,"CC0707",2007,6,33.41795,-117.90582
90,30,"CC0511",2005,6,33.41795,-117.90582
90,30,"CC1101",2011,17,33.41795,-117.90582
90,35,"CC0504",2005,15,33.25128,-118.24971
90,35,"CC0701",2007,12,33.25128,-118.24971
90,35,"CC1210",2012,3,33.25128,-118.24971
90,35,"CC0911",2009,14,33.25128,-118.24971
90,35,"CC0907",2009,12,33.25128,-118.24971
90,35,"CC0803",2008,17,33.25128,-118.24971
90,35,"CC0704",2007,14,33.25128,-118.24971
90,35,"CC0707",2007,14,33.25128,-118.24971
90,35,"CC0607",2006,15,33.25128,-118.24971
90,35,"CC0511",2005,6,33.25128,-118.24971
90,35,"CC0407",2004,13,33.25128,-118.24971
90,35,"CC1108",2011,18,33.25128,-118.24971
90,35,"CC1008",2010,20,33.25128,-118.24971
90,37,"CC1202",2012,14,33.18462,-118.38708
90,37,"CC0511",2005,14,33.18462,-118.38708
90,37,"CC0411",2004,20,33.18462,-118.38708
90,37,"CC0801",2008,16,33.18462,-118.38708
90,37,"CC0911",2009,18,33.18462,-118.38708
90,37,"CC0602",2006,13,33.18462,-118.38708
90,37,"CC0901",2009,19,33.18462,-118.38708
90,37,"CC1104",2011,12,33.18462,-118.38708
90,37,"CC0604",2006,14,33.18462,-118.38708
90,37,"CC1008",2010,42,33.18462,-118.38708
90,37,"CC0903",2009,15,33.18462,-118.38708
90,37,"CC0704",2007,18,33.18462,-118.38708
90,37,"CC1011",2010,6,33.18462,-118.38708
90,37,"CC1110",2011,27,33.18462,-118.38708
90,37,"CC0407",2004,10,33.18462,-118.38708
90,37,"CC0907",2009,8,33.18462,-118.38708
90,45,"CC0903",2009,21,32.91795,-118.93551
90,45,"CC1104",2011,9,32.91795,-118.93551
90,45,"CC0411",2004,16,32.91795,-118.93551
90,45,"CC0602",2006,11,32.91795,-118.93551
90,45,"CC0711",2007,11,32.91795,-118.93551
90,45,"CC1207",2012,4,32.91795,-118.93551
90,45,"CC1203",2012,7,32.91795,-118.93551
90,45,"CC0801",2008,19,32.91795,-118.93551
90,45,"CC1001",2010,7,32.91795,-118.93551
90,45,"CC0907",2009,6,32.91795,-118.93551
90,45,"CC0507",2005,18,32.91795,-118.93551
90,45,"CC0604",2006,19,32.91795,-118.93551
90,53,"CC0707",2007,15,32.65128,-119.48228
90,53,"CC0803",2008,7,32.65128,-119.48228
90,53,"CC1001",2010,7,32.65128,-119.48228
90,53,"CC0501",2005,18,32.65128,-119.48228
90,53,"CC1101",2011,35,32.65128,-119.48228
90,53,"CC0411",2004,12,32.65128,-119.48228
90,53,"CC0504",2005,20,32.65128,-119.48228
90,53,"CC1210",2012,5,32.65128,-119.48228
90,53,"CC0711",2007,16,32.65128,-119.48228
90,53,"CC0611",2006,19,32.65128,-119.48228
90,53,"CC0701",2007,13,32.65128,-119.48228
90,53,"CC1207",2012,3,32.65128,-119.48228
90,53,"CC1203",2012,11,32.65128,-119.48228
90,53,"CC0404",2004,21,32.65128,-119.48228
90,53,"CC0507",2005,16,32.65128,-119.48228
90,53,"CC0607",2006,16,32.65128,-119.48228
90,60,"CC0701",2007,15,32.41795,-119.95935
90,60,"CC0810",2008,16,32.41795,-119.95935
90,60,"CC0504",2005,22,32.41795,-119.95935
90,60,"CC0907",2009,16,32.41795,-119.95935
90,60,"CC0911",2009,20,32.41795,-119.95935
90,60,"CC1108",2011,19,32.41795,-119.95935
90,60,"CC1008",2010,10,32.41795,-119.95935
90,60,"CC1101",2011,15,32.41795,-119.95935
90,60,"CC0501",2005,8,32.41795,-119.95935
90,60,"CC0511",2005,9,32.41795,-119.95935
90,60,"CC0704",2007,16,32.41795,-119.95935
90,60,"CC0808",2008,7,32.41795,-119.95935
90,60,"CC0901",2009,16,32.41795,-119.95935
90,60,"CC0707",2007,17,32.41795,-119.95935
90,60,"CC1104",2011,10,32.41795,-119.95935
90,60,"CC0407",2004,16,32.41795,-119.95935
90,60,"CC0803",2008,17,32.41795,-119.95935
90,60,"CC0607",2006,18,32.41795,-119.95935
90,70,"CC1202",2012,11,32.08462,-120.63872
90,70,"CC1210",2012,3,32.08462,-120.63872
90,70,"CC1104",2011,10,32.08462,-120.63872
90,70,"CC0604",2006,16,32.08462,-120.63872
90,70,"CC1108",2011,20,32.08462,-120.63872
90,70,"CC0901",2009,17,32.08462,-120.63872
90,70,"CC0511",2005,11,32.08462,-120.63872
90,70,"CC1110",2011,21,32.08462,-120.63872
90,70,"CC1008",2010,50,32.08462,-120.63872
90,70,"CC0903",2009,16,32.08462,-120.63872
90,70,"CC0801",2008,17,32.08462,-120.63872
90,70,"CC0602",2006,9,32.08462,-120.63872
90,70,"CC0808",2008,10,32.08462,-120.63872
90,70,"CC0704",2007,17,32.08462,-120.63872
90,70,"CC1011",2010,7,32.08462,-120.63872
90,70,"CC0911",2009,19,32.08462,-120.63872
90,70,"CC0407",2004,16,32.08462,-120.63872
90,80,"CC1203",2012,9,31.75128,-121.31559
90,80,"CC0507",2005,16,31.75128,-121.31559
90,80,"CC1207",2012,6,31.75128,-121.31559
90,80,"CC0711",2007,18,31.75128,-121.31559
90,80,"CC0611",2006,13,31.75128,-121.31559
90,80,"CC0602",2006,12,31.75128,-121.31559
90,80,"CC1110",2011,17,31.75128,-121.31559
90,80,"CC0404",2004,11,31.75128,-121.31559
90,80,"CC1001",2010,3,31.75128,-121.31559
90,90,"CC0407",2004,13,31.41795,-121.99001
90,90,"CC1207",2012,9,31.41795,-121.99001
90,90,"CC1108",2011,8,31.41795,-121.99001
90,90,"CC0411",2004,33,31.41795,-121.99001
90,90,"CC0607",2006,12,31.41795,-121.99001
90,90,"CC1001",2010,5,31.41795,-121.99001
90,90,"CC1101",2011,16,31.41795,-121.99001
90,90,"CC0803",2008,18,31.41795,-121.99001
90,90,"CC0611",2006,19,31.41795,-121.99001
90,90,"CC0504",2005,23,31.41795,-121.99001
90,90,"CC1104",2011,8,31.41795,-121.99001
90,90,"CC0507",2005,17,31.41795,-121.99001
90,90,"CC0707",2007,16,31.41795,-121.99001
90,90,"CC1203",2012,9,31.41795,-121.99001
90,90,"CC0501",2005,15,31.41795,-121.99001
90,90,"CC0704",2007,14,31.41795,-121.99001
90,90,"CC0404",2004,20,31.41795,-121.99001
93,100,"CC0808",2008,7,30.51304,-122.2576
93,100,"CC0803",2008,14,30.51304,-122.2576
93,100,"CC0907",2009,14,30.51304,-122.2576
93,100,"CC0602",2006,8,30.51304,-122.2576
93,100,"CC0901",2009,18,30.51304,-122.2576
93,100,"CC1202",2012,28,30.51304,-122.2576
93,100,"CC0411",2004,14,30.51304,-122.2576
93,100,"CC1001",2010,6,30.51304,-122.2576
93,100,"CC0701",2007,21,30.51304,-122.2576
93,100,"CC0903",2009,17,30.51304,-122.2576
93,100,"CC0711",2007,13,30.51304,-122.2576
93,110,"CC0901",2009,15,30.17971,-122.92324
93,110,"CC0604",2006,14,30.17971,-122.92324
93,110,"CC0411",2004,14,30.17971,-122.92324
93,110,"CC0907",2009,25,30.17971,-122.92324
93,110,"CC0911",2009,15,30.17971,-122.92324
93,110,"CC1108",2011,15,30.17971,-122.92324
93,110,"CC1104",2011,8,30.17971,-122.92324
93,110,"CC0801",2008,15,30.17971,-122.92324
93,110,"CC0511",2005,8,30.17971,-122.92324
93,110,"CC0602",2006,5,30.17971,-122.92324
93,110,"CC1011",2010,6,30.17971,-122.92324
93,110,"CC0607",2006,15,30.17971,-122.92324
93,110,"CC0903",2009,16,30.17971,-122.92324
93,110,"CC1001",2010,10,30.17971,-122.92324
93,110,"CC0704",2007,18,30.17971,-122.92324
93,110,"CC0407",2004,16,30.17971,-122.92324
93,110,"CC1008",2010,32,30.17971,-122.92324
93,110,"CC0504",2005,16,30.17971,-122.92324
93,110,"CC1203",2012,8,30.17971,-122.92324
93,110,"CC0808",2008,16,30.17971,-122.92324
93,120,"CC1104",2011,7,29.84637,-123.58661
93,120,"CC0501",2005,16,29.84637,-123.58661
93,120,"CC1110",2011,21,29.84637,-123.58661
93,120,"CC0911",2009,15,29.84637,-123.58661
93,120,"CC0704",2007,10,29.84637,-123.58661
93,120,"CC1108",2011,15,29.84637,-123.58661
93,120,"CC1011",2010,7,29.84637,-123.58661
93,120,"CC0507",2005,16,29.84637,-123.58661
93,120,"CC0707",2007,14,29.84637,-123.58661
93,120,"CC0607",2006,13,29.84637,-123.58661
93,120,"CC0404",2004,4,29.84637,-123.58661
93,120,"CC0808",2008,15,29.84637,-123.58661
93,120,"CC0803",2008,11,29.84637,-123.58661
93,120,"CC1203",2012,9,29.84637,-123.58661
93,120,"CC1008",2010,22,29.84637,-123.58661
93,120,"CC0511",2005,9,29.84637,-123.58661
93,120,"CC0504",2005,18,29.84637,-123.58661
93,120,"CC0611",2006,15,29.84637,-123.58661
93,28,"CC0501",2005,19,32.91304,-117.39438
93,28,"CC0404",2004,18,32.91304,-117.39438
93,28,"CC0607",2006,5,32.91304,-117.39438
93,28,"CC0507",2005,19,32.91304,-117.39438
93,28,"CC1108",2011,9,32.91304,-117.39438
93,30,"CC0803",2008,16,32.84637,-117.53122
93,30,"CC1001",2010,5,32.84637,-117.53122
93,30,"CC0711",2007,16,32.84637,-117.53122
93,30,"CC0704",2007,19,32.84637,-117.53122
93,35,"CC1202",2012,12,32.67971,-117.87286
93,35,"CC1001",2010,4,32.67971,-117.87286
93,35,"CC0701",2007,5,32.67971,-117.87286
93,35,"CC0803",2008,9,32.67971,-117.87286
93,35,"CC0407",2004,17,32.67971,-117.87286
93,35,"CC0711",2007,18,32.67971,-117.87286
93,35,"CC0901",2009,15,32.67971,-117.87286
93,35,"CC0704",2007,16,32.67971,-117.87286
93,35,"CC0903",2009,22,32.67971,-117.87286
93,35,"CC1110",2011,9,32.67971,-117.87286
93,40,"CC1110",2011,10,32.51304,-118.21386
93,40,"CC0704",2007,15,32.51304,-118.21386
93,40,"CC0808",2008,19,32.51304,-118.21386
93,40,"CC0607",2006,16,32.51304,-118.21386
93,40,"CC0903",2009,9,32.51304,-118.21386
93,40,"CC1207",2012,3,32.51304,-118.21386
93,40,"CC1202",2012,12,32.51304,-118.21386
93,40,"CC0901",2009,17,32.51304,-118.21386
93,40,"CC1104",2011,10,32.51304,-118.21386
93,40,"CC0604",2006,10,32.51304,-118.21386
93,40,"CC0701",2007,15,32.51304,-118.21386
93,45,"CC0507",2005,16,32.34637,-118.55423
93,45,"CC1104",2011,5,32.34637,-118.55423
93,45,"CC0407",2004,16,32.34637,-118.55423
93,45,"CC1202",2012,16,32.34637,-118.55423
93,45,"CC0501",2005,13,32.34637,-118.55423
93,45,"CC1011",2010,3,32.34637,-118.55423
93,45,"CC1108",2011,20,32.34637,-118.55423
93,45,"CC0611",2006,8,32.34637,-118.55423
93,45,"CC0903",2009,9,32.34637,-118.55423
93,45,"CC0707",2007,14,32.34637,-118.55423
93,45,"CC0907",2009,9,32.34637,-118.55423
93,45,"CC0604",2006,12,32.34637,-118.55423
93,45,"CC0808",2008,4,32.34637,-118.55423
93,45,"CC1008",2010,21,32.34637,-118.55423
93,45,"CC1203",2012,6,32.34637,-118.55423
93,45,"CC0607",2006,10,32.34637,-118.55423
93,45,"CC0801",2008,10,32.34637,-118.55423
93,45,"CC1110",2011,12,32.34637,-118.55423
93,45,"CC0504",2005,15,32.34637,-118.55423
93,50,"CC0604",2006,10,32.17971,-118.89396
93,50,"CC0501",2005,11,32.17971,-118.89396
93,50,"CC1008",2010,30,32.17971,-118.89396
93,50,"CC0607",2006,17,32.17971,-118.89396
93,50,"CC0707",2007,14,32.17971,-118.89396
93,50,"CC0411",2004,15,32.17971,-118.89396
93,50,"CC0504",2005,16,32.17971,-118.89396
93,50,"CC0810",2008,10,32.17971,-118.89396
93,50,"CC0808",2008,13,32.17971,-118.89396
93,50,"CC1108",2011,27,32.17971,-118.89396
93,50,"CC0511",2005,9,32.17971,-118.89396
93,50,"CC0507",2005,19,32.17971,-118.89396
93,50,"CC1104",2011,7,32.17971,-118.89396
93,50,"CC1011",2010,6,32.17971,-118.89396
93,50,"CC0611",2006,15,32.17971,-118.89396
93,55,"CC0504",2005,8,32.01304,-119.23306
93,55,"CC0607",2006,5,32.01304,-119.23306
93,55,"CC0501",2005,12,32.01304,-119.23306
93,55,"CC0507",2005,23,32.01304,-119.23306
93,55,"CC0707",2007,14,32.01304,-119.23306
93,55,"CC1108",2011,16,32.01304,-119.23306
93,55,"CC0404",2004,26,32.01304,-119.23306
93,55,"CC0711",2007,8,32.01304,-119.23306
93,60,"CC0711",2007,12,31.84637,-119.57154
93,60,"CC0404",2004,12,31.84637,-119.57154
93,60,"CC1001",2010,7,31.84637,-119.57154
93,60,"CC0907",2009,23,31.84637,-119.57154
93,60,"CC0704",2007,15,31.84637,-119.57154
93,60,"CC0701",2007,12,31.84637,-119.57154
93,60,"CC0803",2008,16,31.84637,-119.57154
93,60,"CC1207",2012,7,31.84637,-119.57154
93,70,"CC0411",2004,20,31.51304,-120.24666
93,70,"CC1203",2012,7,31.51304,-120.24666
93,70,"CC1104",2011,5,31.51304,-120.24666
93,70,"CC0704",2007,16,31.51304,-120.24666
93,70,"CC0808",2008,18,31.51304,-120.24666
93,70,"CC0903",2009,19,31.51304,-120.24666
93,70,"CC0611",2006,8,31.51304,-120.24666
93,70,"CC0511",2005,14,31.51304,-120.24666
93,70,"CC0407",2004,14,31.51304,-120.24666
93,70,"CC0907",2009,11,31.51304,-120.24666
93,70,"CC1011",2010,6,31.51304,-120.24666
93,70,"CC1202",2012,7,31.51304,-120.24666
93,70,"CC0701",2007,17,31.51304,-120.24666
93,70,"CC1207",2012,4,31.51304,-120.24666
93,70,"CC0801",2008,13,31.51304,-120.24666
93,70,"CC1110",2011,15,31.51304,-120.24666
93,70,"CC1001",2010,8,31.51304,-120.24666
93,70,"CC0604",2006,13,31.51304,-120.24666
93,70,"CC0901",2009,22,31.51304,-120.24666
93,80,"CC0604",2006,13,31.17971,-120.91935
93,80,"CC1104",2011,7,31.17971,-120.91935
93,80,"CC0501",2005,14,31.17971,-120.91935
93,80,"CC0911",2009,18,31.17971,-120.91935
93,80,"CC1011",2010,3,31.17971,-120.91935
93,80,"CC0507",2005,15,31.17971,-120.91935
93,80,"CC0810",2008,3,31.17971,-120.91935
93,80,"CC0404",2004,28,31.17971,-120.91935
93,80,"CC0704",2007,13,31.17971,-120.91935
93,80,"CC0611",2006,8,31.17971,-120.91935
93,80,"CC0407",2004,16,31.17971,-120.91935
93,80,"CC0707",2007,16,31.17971,-120.91935
93,80,"CC1108",2011,28,31.17971,-120.91935
93,80,"CC0607",2006,14,31.17971,-120.91935
93,80,"CC0808",2008,19,31.17971,-120.91935
93,80,"CC0504",2005,20,31.17971,-120.91935
93,80,"CC1008",2010,16,31.17971,-120.91935
93,80,"CC0511",2005,12,31.17971,-120.91935
93,90,"CC0501",2005,14,30.84637,-121.58965
93,90,"CC0504",2005,18,30.84637,-121.58965
93,90,"CC0607",2006,13,30.84637,-121.58965
93,90,"CC0707",2007,16,30.84637,-121.58965
93,90,"CC0810",2008,17,30.84637,-121.58965
93,90,"CC1108",2011,17,30.84637,-121.58965
93,90,"CC1104",2011,3,30.84637,-121.58965
93,90,"CC0803",2008,18,30.84637,-121.58965
93,90,"CC0507",2005,16,30.84637,-121.58965
93,90,"CC0611",2006,9,30.84637,-121.58965
93,90,"CC0404",2004,21,30.84637,-121.58965
93,90,"CC0711",2007,14,30.84637,-121.58965
